{
  "company": "Unknown",
  "year": "Unknown",
  "filename": "190930-sustainable-finance-teg-final-report-overview-climate-benchmarks-and-disclosures_en.pdf",
  "text": " \n \n \n \n \n \n \n \n \n \n \n \nFinal Report on Climate Benchmarks and \nBenchmarks’ ESG Disclosures \n \n \nOVERVIEW \n \n \n1. What is the task of the TEG? \n \nOn 25 February 2019, co-legislators agreed to amend Regulation (EU) 2016/1011, introducing two types of \nclimate benchmarks (‘EU Climate Transition’ and ‘EU Paris-aligned’ benchmarks), also requiring ESG \ndisclosures for all benchmarks (excluding interest rate and currency benchmarks). In that context, the TEG \nreceived a mandate to suggest minimum technical requirements for the methodology of both climate \nbenchmarks and recommendations on ESG disclosures, including associated disclosure templates. \n \n \n2. What are the TEG’s main recommendations/key conclusions? \n \nKey features of climate benchmarks. \n \nSeveral criteria have to be met to qualify as an EU Climate Transition Benchmark (EU CTB) or an EU Paris-\nAligned Benchmark (EU PAB): \n \n \nClimate benchmarks must demonstrate a significant decrease in overall GHG emissions intensity compared \nto their underlying investment universes or parent indices. This assessment must gradually integrate Scope \n3 emissions during a four-year period for sectors where the impact on climate change is significant but \nlocated outside of direct operational boundaries (such as Oil & Gas and transport). This minimum relative \ndecarbonization is set at 30% for EU CTBs and 50% for EU PABs. \n \n \nClimate benchmarks must be sufficiently exposed to sectors relevant to the fight against climate change. In \nother words, decarbonization cannot happen through a shift in the allocation from sectors with high \npotential impact on climate change and its mitigation (e.g. energy, transport, manufacturing) to sectors with \ninherently limited impact (e.g. health care, media). The exposure to ‘high impact sectors’ must therefore be \nat least the exposure of the underlying investable universe. \n \n \nClimate benchmarks must demonstrate their ability to reduce their own GHG emissions intensity on an \nannual basis. This minimum ‘self-decarbonization’ rate has been set in accordance with the global \ndecarbonization trajectory implied by IPCC’s most ambitious scenario - 1.5°C with no or limited overshoot \n(see fig. 1) – to at least 7% GHG intensity reduction on average per annum. \n \n \nEU CTBs and EU PABs should exclude companies involved in controversial weapons (selling, \nmanufacturing, etc.), companies having been found in violations of global norms (i.e. UN Global Compact \nprinciples, OECD Guidelines) or in controversies arising from significant harm of at least one of the 6 \nenvironmental objectives. \n \n \nEU PABs shall further exclude companies that: \n \no \nderive 1% or more of their revenues from coal exploration or processing activities, \n\no \nderive 10% or more of their revenues from oil exploration or processing activities,  \no \nderive 50% or more of their revenues from natural gas exploration or processing activities or  \no \nderive 50% or more of their revenues come from electricity generation with a lifecycle GHG \nintensity higher than 100 gCO2e/kWh.  \n \n \nFinally, the TEG recommends the ‘green to brown share ratio’, where calculated by benchmark \nadministrators and on a voluntary basis, to be at least equal for EU CTBs and multiplied by at least 4 for EU \nPABs.  \n \n60 \nFigure \n1: Worldwide \nemissions \ntrajectory, based on data from IPCC \n50 \nAR5 Climate Change 2014 Synthesis \nReport, IPCC SR15 report Chapter 2 \nGtCO2e \n40 \nand Global Carbon Budget, 2018 \n30 \n20 \n10 \n0 \n2010 \n2015 \n2020 \n2025 \n2030 \n2035 \n2040 \n2045 \n2050 \n \n \n \n \nBenchmarks ESG disclosures. \n \nThe new disclosure requirements apply to a wide range of indices available on the market in relation to different \nunderlying asset classes. The TEG proposes to set out disclosure requirements based on how the market \ncurrently understands that ESG and climate-related considerations can be integrated in the valuation of assets \nacross various asset classes. The recommendations on minimum disclosures for the methodology document and \nspecifications for the benchmark statements therefore vary based on the maturity of ESG data and \nconsiderations in a given asset class. As a result, indicators are put forward by asset class. ESG disclosure \ntemplates are outlined, as well as specifications for the publication of ESG information. \n \nParis alignment. \n \nRegarding the requirement to disclose an assessment of ‘Paris alignment’ for each benchmark, the TEG is aware \nthat no broadly accepted and established framework has yet emerged for measuring the alignment of an \ninvestment portfolio with a temperature scenario. Hence, the aim is to address specific elements of the emerging \nmarket practice of measuring the Paris alignment of investment portfolios. In particular, the focus is on \ntransparency regarding the choice of scenario and the data source and methodology used to measure an index’ \nalignment with a given scenario. \n \n \n3. What are the next steps? \n \nThe report will serve as a basis to the drafting of delegated acts by the Commission, under the empowerments \ncontained in the amending climate benchmarks regulation. The draft delegated acts will be subject to a formal \npublic consultation and are expected to be adopted early 2020. \n \n",
  "pages": [
    {
      "page_number": 1,
      "text": " \n \n \n \n \n \n \n \n \n \n \n \nFinal Report on Climate Benchmarks and \nBenchmarks’ ESG Disclosures \n \n \nOVERVIEW \n \n \n1. What is the task of the TEG? \n \nOn 25 February 2019, co-legislators agreed to amend Regulation (EU) 2016/1011, introducing two types of \nclimate benchmarks (‘EU Climate Transition’ and ‘EU Paris-aligned’ benchmarks), also requiring ESG \ndisclosures for all benchmarks (excluding interest rate and currency benchmarks). In that context, the TEG \nreceived a mandate to suggest minimum technical requirements for the methodology of both climate \nbenchmarks and recommendations on ESG disclosures, including associated disclosure templates. \n \n \n2. What are the TEG’s main recommendations/key conclusions? \n \nKey features of climate benchmarks. \n \nSeveral criteria have to be met to qualify as an EU Climate Transition Benchmark (EU CTB) or an EU Paris-\nAligned Benchmark (EU PAB): \n \n \nClimate benchmarks must demonstrate a significant decrease in overall GHG emissions intensity compared \nto their underlying investment universes or parent indices. This assessment must gradually integrate Scope \n3 emissions during a four-year period for sectors where the impact on climate change is significant but \nlocated outside of direct operational boundaries (such as Oil & Gas and transport). This minimum relative \ndecarbonization is set at 30% for EU CTBs and 50% for EU PABs. \n \n \nClimate benchmarks must be sufficiently exposed to sectors relevant to the fight against climate change. In \nother words, decarbonization cannot happen through a shift in the allocation from sectors with high \npotential impact on climate change and its mitigation (e.g. energy, transport, manufacturing) to sectors with \ninherently limited impact (e.g. health care, media). The exposure to ‘high impact sectors’ must therefore be \nat least the exposure of the underlying investable universe. \n \n \nClimate benchmarks must demonstrate their ability to reduce their own GHG emissions intensity on an \nannual basis. This minimum ‘self-decarbonization’ rate has been set in accordance with the global \ndecarbonization trajectory implied by IPCC’s most ambitious scenario - 1.5°C with no or limited overshoot \n(see fig. 1) – to at least 7% GHG intensity reduction on average per annum. \n \n \nEU CTBs and EU PABs should exclude companies involved in controversial weapons (selling, \nmanufacturing, etc.), companies having been found in violations of global norms (i.e. UN Global Compact \nprinciples, OECD Guidelines) or in controversies arising from significant harm of at least one of the 6 \nenvironmental objectives. \n \n \nEU PABs shall further exclude companies that: \n \no \nderive 1% or more of their revenues from coal exploration or processing activities, \n"
    },
    {
      "page_number": 2,
      "text": "o \nderive 10% or more of their revenues from oil exploration or processing activities,  \no \nderive 50% or more of their revenues from natural gas exploration or processing activities or  \no \nderive 50% or more of their revenues come from electricity generation with a lifecycle GHG \nintensity higher than 100 gCO2e/kWh.  \n \n \nFinally, the TEG recommends the ‘green to brown share ratio’, where calculated by benchmark \nadministrators and on a voluntary basis, to be at least equal for EU CTBs and multiplied by at least 4 for EU \nPABs.  \n \n60 \nFigure \n1: Worldwide \nemissions \ntrajectory, based on data from IPCC \n50 \nAR5 Climate Change 2014 Synthesis \nReport, IPCC SR15 report Chapter 2 \nGtCO2e \n40 \nand Global Carbon Budget, 2018 \n30 \n20 \n10 \n0 \n2010 \n2015 \n2020 \n2025 \n2030 \n2035 \n2040 \n2045 \n2050 \n \n \n \n \nBenchmarks ESG disclosures. \n \nThe new disclosure requirements apply to a wide range of indices available on the market in relation to different \nunderlying asset classes. The TEG proposes to set out disclosure requirements based on how the market \ncurrently understands that ESG and climate-related considerations can be integrated in the valuation of assets \nacross various asset classes. The recommendations on minimum disclosures for the methodology document and \nspecifications for the benchmark statements therefore vary based on the maturity of ESG data and \nconsiderations in a given asset class. As a result, indicators are put forward by asset class. ESG disclosure \ntemplates are outlined, as well as specifications for the publication of ESG information. \n \nParis alignment. \n \nRegarding the requirement to disclose an assessment of ‘Paris alignment’ for each benchmark, the TEG is aware \nthat no broadly accepted and established framework has yet emerged for measuring the alignment of an \ninvestment portfolio with a temperature scenario. Hence, the aim is to address specific elements of the emerging \nmarket practice of measuring the Paris alignment of investment portfolios. In particular, the focus is on \ntransparency regarding the choice of scenario and the data source and methodology used to measure an index’ \nalignment with a given scenario. \n \n \n3. What are the next steps? \n \nThe report will serve as a basis to the drafting of delegated acts by the Commission, under the empowerments \ncontained in the amending climate benchmarks regulation. The draft delegated acts will be subject to a formal \npublic consultation and are expected to be adopted early 2020. \n \n"
    }
  ]
}