{
  "company": "Unknown",
  "year": "Unknown",
  "filename": "2020-Sustainability-Infographic.pdf",
  "text": "Good Stuff Report\nFor more information visit www.perrysicecream.com or contact Gayle Perry Denning, VP of Strategic Branding and Sustainability, at gayle.denning@perrysicecream.com\n2019\nPerry’s Ice Cream is committed to actively \nmanaging our impact on our communities and \nthe environment through responsible business \npractices. An integrated sustainability culture \nrequires consideration of People, Planet \nand Performance.   \nAt Perry’s, The Performance aspect includes \ntwo distinct business strategies to ensure the \nlong-term sustainability of our organization: \nGrowth and Process & Systems Improvement.\n\nLong Term Goal: To be known as an employer of choice and responsible corporate citizen\n$447k \n in wellness \nincentives earned \nby team members \nsince 2015\n$914k\nin charitable\ncontributions\n since 2010\n9 YEARS \naverage team member \ntenure\n37\nnew jobs \nadded in \n2019\nmore than\n 2x the \nindustry \naverage\n1st year \nof a long-term \ncommunity partnership\nCulture & Partnerships\nFor more information visit www.perrysicecream.com or contact Gayle Perry Denning, VP of Strategic Branding and Sustainability\n2019\nNOW \nHIRING\n\nLong Term Goal: To be recognized as a “zero landfill” operation and maximize the value of our resources \nthrough improved efficiencies, productivity and utilization of technology\nEnvironment\n2019\n72%\nclean, renewable \nhydroelectricity \npowering our facility\nof our retail carton \npaperboard \nis certified\n522 tons\nof corrugated\nboxes reused\nsince 2013\n63%\nin waste\nto landfill\nsince 2010\n58%\nless kWh \nused annually\n100%\nCO2 released by using excess \nheat energy from \nequipment, to raise \nwater temperatures\n9 tons less\nFor more information visit www.perrysicecream.com or contact Gayle Perry Denning, VP of Strategic Branding and Sustainability\nLighting Upgrade\nMPG\nSINCE\n2010\n36%\n\nLong Term Goal: To manage growth and maintain profitability for reinvestment\nGrowth\n2019\nPerry’s is the \nmost loved \nice cream in \nUpstate NY\n#\n1 B\nran\nd\nNew Partnerships: \n2,600 \nnew customers \nsince 2010\n24%\nincrease in ice cream \nmanufactured \nsince 2010 \nFor more information visit www.perrysicecream.com or contact Gayle Perry Denning, VP of Strategic Branding and Sustainability\n(24th largest in US)\n\nLong Term Goal: To continuously improve our processes to eliminate waste and increase operational effectiveness\nProcess & System \nImprovements\n2019\n92%\nobtainment of our \nmanufacturing \nefficiency target as measured \nby uptime, run rate & first \npass quality\nModernization \nof Perry’s brand \nas we enter our \n2nd century \nin business\nFor more information visit www.perrysicecream.com or contact Gayle Perry Denning, VP of Strategic Branding and Sustainability\nof our Transportation \nfleet equipped with \nDash cams\n100%\nNew electronic \nbilling statements \neliminates paper \nand saves time\n$\n",
  "pages": [
    {
      "page_number": 1,
      "text": "Good Stuff Report\nFor more information visit www.perrysicecream.com or contact Gayle Perry Denning, VP of Strategic Branding and Sustainability, at gayle.denning@perrysicecream.com\n2019\nPerry’s Ice Cream is committed to actively \nmanaging our impact on our communities and \nthe environment through responsible business \npractices. An integrated sustainability culture \nrequires consideration of People, Planet \nand Performance.   \nAt Perry’s, The Performance aspect includes \ntwo distinct business strategies to ensure the \nlong-term sustainability of our organization: \nGrowth and Process & Systems Improvement.\n"
    },
    {
      "page_number": 2,
      "text": "Long Term Goal: To be known as an employer of choice and responsible corporate citizen\n$447k \n in wellness \nincentives earned \nby team members \nsince 2015\n$914k\nin charitable\ncontributions\n since 2010\n9 YEARS \naverage team member \ntenure\n37\nnew jobs \nadded in \n2019\nmore than\n 2x the \nindustry \naverage\n1st year \nof a long-term \ncommunity partnership\nCulture & Partnerships\nFor more information visit www.perrysicecream.com or contact Gayle Perry Denning, VP of Strategic Branding and Sustainability\n2019\nNOW \nHIRING\n"
    },
    {
      "page_number": 3,
      "text": "Long Term Goal: To be recognized as a “zero landfill” operation and maximize the value of our resources \nthrough improved efficiencies, productivity and utilization of technology\nEnvironment\n2019\n72%\nclean, renewable \nhydroelectricity \npowering our facility\nof our retail carton \npaperboard \nis certified\n522 tons\nof corrugated\nboxes reused\nsince 2013\n63%\nin waste\nto landfill\nsince 2010\n58%\nless kWh \nused annually\n100%\nCO2 released by using excess \nheat energy from \nequipment, to raise \nwater temperatures\n9 tons less\nFor more information visit www.perrysicecream.com or contact Gayle Perry Denning, VP of Strategic Branding and Sustainability\nLighting Upgrade\nMPG\nSINCE\n2010\n36%\n"
    },
    {
      "page_number": 4,
      "text": "Long Term Goal: To manage growth and maintain profitability for reinvestment\nGrowth\n2019\nPerry’s is the \nmost loved \nice cream in \nUpstate NY\n#\n1 B\nran\nd\nNew Partnerships: \n2,600 \nnew customers \nsince 2010\n24%\nincrease in ice cream \nmanufactured \nsince 2010 \nFor more information visit www.perrysicecream.com or contact Gayle Perry Denning, VP of Strategic Branding and Sustainability\n(24th largest in US)\n"
    },
    {
      "page_number": 5,
      "text": "Long Term Goal: To continuously improve our processes to eliminate waste and increase operational effectiveness\nProcess & System \nImprovements\n2019\n92%\nobtainment of our \nmanufacturing \nefficiency target as measured \nby uptime, run rate & first \npass quality\nModernization \nof Perry’s brand \nas we enter our \n2nd century \nin business\nFor more information visit www.perrysicecream.com or contact Gayle Perry Denning, VP of Strategic Branding and Sustainability\nof our Transportation \nfleet equipped with \nDash cams\n100%\nNew electronic \nbilling statements \neliminates paper \nand saves time\n$\n"
    }
  ]
}