{
  "company": "Unknown",
  "year": "Unknown",
  "filename": "2023-CARES-Act-Conference-ESG-CV-Winding-Down-Slides.pdf",
  "text": "2023 CARES Act Conference\nCDBG-CV / ESG-CV / HOPWA-CV  \nESG-CV Grants Status Report\nUpdate from the Office of Special \nNeeds Assistance Programs (SNAPS)\nMay 22, 2023 | 2:00 pm EST\n\n2023 CARES Act Conference\nCDBG-CV / ESG-CV / HOPWA-CV\nAgenda & Speakers\nAgenda\n•\nEmergency Solutions Grants – Coronavirus (ESG-CV) Closeouts\n•\nQuestion and Answer\nSpeakers\n•\nKaren DeBlasio, Director, Program Coordinator & Analysis Division, HUD’s \nOffice of Special Needs Assistance Programs\n•\nChris Pitcher, Lead Homeless Services Specialist, ICF\n\n2023 CARES Act Conference\nCDBG-CV / ESG-CV / HOPWA-CV\n3\nESG-CV Closeouts\n\n2023 CARES Act Conference\nCDBG-CV / ESG-CV / HOPWA-CV\n•The CARES Act appropriated $4 billion through the ESG Program \n“to prevent, prepare for, and respond to coronavirus, among \nindividuals and families who are homeless or receiving homeless \nassistance and to support additional homeless assistance and \nhomelessness prevention activities to mitigate the impacts \ncreated by coronavirus under the Emergency Solutions Grants \nprogram (42 U.S.C. 11371).”\n•There are 361 recipients including states, localities, and \nterritories\nEmergency Solutions Grants – CARES Act \n(ESG-CV)\n\n2023 CARES Act Conference\nCDBG-CV / ESG-CV / HOPWA-CV\nESG-CV Grants Status Report\n• 80.5% of ESG-CV allocation is drawn\n• $86 million not committed in IDIS\n• Draws across the country in the past week totaled $13 \nmillion\n• 65 ESG-CV recipients drew funds in the past week \n• 54 ESG-CV recipients have not drawn funds in over 90 \ndays\n• 36 recipients are behind on quarterly reports\n\n2023 CARES Act Conference\nCDBG-CV / ESG-CV / HOPWA-CV\nEligible Costs--ESG-CV Funds Drawn\n6 \nStreet Outreach\nAdministration\nShelter\nFunds Not \nCommitted\nHomeless \nPrevention\nFunds Remaining \nto Draw\nRapid \nRe-housing\nData Collection \n(HMIS)\n\n2023 CARES Act Conference\nCDBG-CV / ESG-CV / HOPWA-CV\nESG-CV Grants Status Report\nUpdated May 19, 2023\nDrawn by Percentages in IDIS (As of 5/12/2023)\nNumber of Grantees\nPercentage of Grantees\nOver 80% Drawn\n233\n64.54%\n60% - 80% Drawn\n97\n26.87%\n50% - 60% Drawn\n18\n4.99%\n40% - 50% Drawn\n5\n1.39%\n20% - 40% Drawn\n7\n1.94%\n0% - 20% Drawn\n1\n0.28%\nTotal\n361\n100.00%\n\n2023 CARES Act Conference\nCDBG-CV / ESG-CV / HOPWA-CV\nESG-CV Grants Status Report\n•Draw rates have been down over the last few months\n•Assess your progress to determine if you are on target to fully \nexpend funds by the September 30, 2023 deadline.\n•Project the HMIS and Admin funds needed for closeout (e.g., \nfor final reporting, reconciling IDIS, etc.), which need to be \nexpended by December 31, 2023.\n•If you have concerns about not meeting the deadline, please \nreach out now for technical assistance.\n8\n\n2023 CARES Act Conference\nCDBG-CV / ESG-CV / HOPWA-CV\nCloseout Deadlines\nExpenditure Deadline\nDraw Deadline*\nQPR Deadline\nESG-CV Rounds 1 & 2 all project costs\n30-Sep-23\n30-Apr-24\n31-Jul-24\nESG-CV Rounds 1 & 2 HMIS and admin \nfunds needed for closeout\n31-Dec-23\n30-Apr-24\n31-Jul-24\nReallocated Funds\n30-Jun-24\n31-Oct-24\n31-Jan-25\n*Closeout requirements at 2 CFR 200.344 require that recipients must liquidate all financial obligations incurred under \nthe federal award no later than 120 calendar days after the end date of the period of performance.\n\n2023 CARES Act Conference\nCDBG-CV / ESG-CV / HOPWA-CV\nESG-CV Grants – Closeout Process\n•The SNAPS Office will be coming out with detailed guidance \nand training for recipients on closing out ESG-CV grants\n•Recipients that have fully drawn their ESG-CV grant can close \nout their QPR reporting. \n• Guidance is posted in SAGE and on the HUD Exchange instructing \nrecipients how to submit their final QPRs. ESG-CV Reporting Office \nHours in September 2022 goes through the QPR closeout process as \nwell.\n\n2023 CARES Act Conference\nCDBG-CV / ESG-CV / HOPWA-CV\nA Grant is ready for closeout when…\n1. Recipient expended and drew all grant funds or returned any \nremaining funds)\n2. All activities are eligible and were completed\n3. Recipient submitted final QPR for completed activities, and HUD \ndetermined the report is satisfactory\n4. Recipient expended all program income received during POP\n5. No open audits or monitoring findings related to grant remain\n6. Other responsibilities under the grant agreement and applicable laws \nand regulations appear to have been carried out\n\n2023 CARES Act Conference\nCDBG-CV / ESG-CV / HOPWA-CV\nFinal QPR Submission\nSubmit final QPR when following conditions are met:\n1. The funding for recipients’ ESG-CV-funded projects have ended \n(i.e., clients will no longer be served with ESG-CV funding);\n2. The recipient has fully expended all ESG-CV funding (i.e., no more \nESG-CV costs will be incurred); and\n3. The recipient has fully drawn down all ESG-CV funding (i.e., the \nfinal draw of ESG-CV funding has been completed in IDIS).\n12\n\n2023 CARES Act Conference\nCDBG-CV / ESG-CV / HOPWA-CV\nQUESTIONS?\nMany answers can be found here:\nEmergency Solutions Grants – CARES Act (ESG-CV) - HUD Exchange\nIf you have any additional questions:\nAsk A Question - HUD Exchange\nReach out for technical assistance (TA):\nHUD Regional Teams - HUD Exchange\n13\n\n2023 CARES Act Conference\nCDBG-CV / ESG-CV / HOPWA-CV\nUpcoming Sessions\nSession Time \nSession Title\n3:15 - 3:30 PM EDT\nBreak\n3:30 - 4:45 PM EDT\nCDBG-CV Closeouts\n\n2023 CARES Act Conference\nCDBG-CV / ESG-CV / HOPWA-CV\nThank You for \nAttending!\n",
  "pages": [
    {
      "page_number": 1,
      "text": "2023 CARES Act Conference\nCDBG-CV / ESG-CV / HOPWA-CV  \nESG-CV Grants Status Report\nUpdate from the Office of Special \nNeeds Assistance Programs (SNAPS)\nMay 22, 2023 | 2:00 pm EST\n"
    },
    {
      "page_number": 2,
      "text": "2023 CARES Act Conference\nCDBG-CV / ESG-CV / HOPWA-CV\nAgenda & Speakers\nAgenda\n•\nEmergency Solutions Grants – Coronavirus (ESG-CV) Closeouts\n•\nQuestion and Answer\nSpeakers\n•\nKaren DeBlasio, Director, Program Coordinator & Analysis Division, HUD’s \nOffice of Special Needs Assistance Programs\n•\nChris Pitcher, Lead Homeless Services Specialist, ICF\n"
    },
    {
      "page_number": 3,
      "text": "2023 CARES Act Conference\nCDBG-CV / ESG-CV / HOPWA-CV\n3\nESG-CV Closeouts\n"
    },
    {
      "page_number": 4,
      "text": "2023 CARES Act Conference\nCDBG-CV / ESG-CV / HOPWA-CV\n•The CARES Act appropriated $4 billion through the ESG Program \n“to prevent, prepare for, and respond to coronavirus, among \nindividuals and families who are homeless or receiving homeless \nassistance and to support additional homeless assistance and \nhomelessness prevention activities to mitigate the impacts \ncreated by coronavirus under the Emergency Solutions Grants \nprogram (42 U.S.C. 11371).”\n•There are 361 recipients including states, localities, and \nterritories\nEmergency Solutions Grants – CARES Act \n(ESG-CV)\n"
    },
    {
      "page_number": 5,
      "text": "2023 CARES Act Conference\nCDBG-CV / ESG-CV / HOPWA-CV\nESG-CV Grants Status Report\n• 80.5% of ESG-CV allocation is drawn\n• $86 million not committed in IDIS\n• Draws across the country in the past week totaled $13 \nmillion\n• 65 ESG-CV recipients drew funds in the past week \n• 54 ESG-CV recipients have not drawn funds in over 90 \ndays\n• 36 recipients are behind on quarterly reports\n"
    },
    {
      "page_number": 6,
      "text": "2023 CARES Act Conference\nCDBG-CV / ESG-CV / HOPWA-CV\nEligible Costs--ESG-CV Funds Drawn\n6 \nStreet Outreach\nAdministration\nShelter\nFunds Not \nCommitted\nHomeless \nPrevention\nFunds Remaining \nto Draw\nRapid \nRe-housing\nData Collection \n(HMIS)\n"
    },
    {
      "page_number": 7,
      "text": "2023 CARES Act Conference\nCDBG-CV / ESG-CV / HOPWA-CV\nESG-CV Grants Status Report\nUpdated May 19, 2023\nDrawn by Percentages in IDIS (As of 5/12/2023)\nNumber of Grantees\nPercentage of Grantees\nOver 80% Drawn\n233\n64.54%\n60% - 80% Drawn\n97\n26.87%\n50% - 60% Drawn\n18\n4.99%\n40% - 50% Drawn\n5\n1.39%\n20% - 40% Drawn\n7\n1.94%\n0% - 20% Drawn\n1\n0.28%\nTotal\n361\n100.00%\n"
    },
    {
      "page_number": 8,
      "text": "2023 CARES Act Conference\nCDBG-CV / ESG-CV / HOPWA-CV\nESG-CV Grants Status Report\n•Draw rates have been down over the last few months\n•Assess your progress to determine if you are on target to fully \nexpend funds by the September 30, 2023 deadline.\n•Project the HMIS and Admin funds needed for closeout (e.g., \nfor final reporting, reconciling IDIS, etc.), which need to be \nexpended by December 31, 2023.\n•If you have concerns about not meeting the deadline, please \nreach out now for technical assistance.\n8\n"
    },
    {
      "page_number": 9,
      "text": "2023 CARES Act Conference\nCDBG-CV / ESG-CV / HOPWA-CV\nCloseout Deadlines\nExpenditure Deadline\nDraw Deadline*\nQPR Deadline\nESG-CV Rounds 1 & 2 all project costs\n30-Sep-23\n30-Apr-24\n31-Jul-24\nESG-CV Rounds 1 & 2 HMIS and admin \nfunds needed for closeout\n31-Dec-23\n30-Apr-24\n31-Jul-24\nReallocated Funds\n30-Jun-24\n31-Oct-24\n31-Jan-25\n*Closeout requirements at 2 CFR 200.344 require that recipients must liquidate all financial obligations incurred under \nthe federal award no later than 120 calendar days after the end date of the period of performance.\n"
    },
    {
      "page_number": 10,
      "text": "2023 CARES Act Conference\nCDBG-CV / ESG-CV / HOPWA-CV\nESG-CV Grants – Closeout Process\n•The SNAPS Office will be coming out with detailed guidance \nand training for recipients on closing out ESG-CV grants\n•Recipients that have fully drawn their ESG-CV grant can close \nout their QPR reporting. \n• Guidance is posted in SAGE and on the HUD Exchange instructing \nrecipients how to submit their final QPRs. ESG-CV Reporting Office \nHours in September 2022 goes through the QPR closeout process as \nwell.\n"
    },
    {
      "page_number": 11,
      "text": "2023 CARES Act Conference\nCDBG-CV / ESG-CV / HOPWA-CV\nA Grant is ready for closeout when…\n1. Recipient expended and drew all grant funds or returned any \nremaining funds)\n2. All activities are eligible and were completed\n3. Recipient submitted final QPR for completed activities, and HUD \ndetermined the report is satisfactory\n4. Recipient expended all program income received during POP\n5. No open audits or monitoring findings related to grant remain\n6. Other responsibilities under the grant agreement and applicable laws \nand regulations appear to have been carried out\n"
    },
    {
      "page_number": 12,
      "text": "2023 CARES Act Conference\nCDBG-CV / ESG-CV / HOPWA-CV\nFinal QPR Submission\nSubmit final QPR when following conditions are met:\n1. The funding for recipients’ ESG-CV-funded projects have ended \n(i.e., clients will no longer be served with ESG-CV funding);\n2. The recipient has fully expended all ESG-CV funding (i.e., no more \nESG-CV costs will be incurred); and\n3. The recipient has fully drawn down all ESG-CV funding (i.e., the \nfinal draw of ESG-CV funding has been completed in IDIS).\n12\n"
    },
    {
      "page_number": 13,
      "text": "2023 CARES Act Conference\nCDBG-CV / ESG-CV / HOPWA-CV\nQUESTIONS?\nMany answers can be found here:\nEmergency Solutions Grants – CARES Act (ESG-CV) - HUD Exchange\nIf you have any additional questions:\nAsk A Question - HUD Exchange\nReach out for technical assistance (TA):\nHUD Regional Teams - HUD Exchange\n13\n"
    },
    {
      "page_number": 14,
      "text": "2023 CARES Act Conference\nCDBG-CV / ESG-CV / HOPWA-CV\nUpcoming Sessions\nSession Time \nSession Title\n3:15 - 3:30 PM EDT\nBreak\n3:30 - 4:45 PM EDT\nCDBG-CV Closeouts\n"
    },
    {
      "page_number": 15,
      "text": "2023 CARES Act Conference\nCDBG-CV / ESG-CV / HOPWA-CV\nThank You for \nAttending!\n"
    }
  ]
}