{
  "company": "Unknown",
  "year": "Unknown",
  "filename": "enel-energy-australia-pty-ltd-consolidated-annual-report-2019-20211005.pdf",
  "text": "\n\n\n\n\n\n\n\n\n\n\n\n\n\n\n\n\n\n\n\n\n\n\n\n\n\n\n\n\n\n\n\n\n\n\n\n\n\n\n\n\n\n\n\n\n\n\n\n\n\n\n\n\n\n\n\n\n\n\n\n\n\n\n\n\n\n\n\n\n\n\n\n\n\n\n\n\n\n\n\n\n\n\n\n\n\n\n\n\n\n\n\n\n\n\n\n\n\n\n\n\n\n\n\n\n\n\n\n\n\n\n\n\n\n\n\n\n\n\n\n\n\n\n\n\n\n\n\n\n\n\n\n\n\n\n\n\n\n\n\n\n\n\n\n\n\n\n\n\n\n\n\n\n\n\n\n\n\n\n\n\n\n\n\n\n\n\n\n\n\n\n\n\n\n\n\n\n\n\n\n\n\n\n\n\n\n\n\n\n\n\n\n\n\n\n\n\n\n\n\n\n\n\n\n\n\n\n\n\n\n\n\n\n\n\n\n\n\n\n\n\n\n\n\n\n\n\n\n\n\n\n\n\n\n\n\n\n\n\n\n\n\n\n\n\n\n\n\n\n\n\n\n\n\n\n\n\n\n\n\n\n\n\n\n\n\n\n\n\n\n\n\n\n\n\n\n\n\n\n\n\n\n\n\n\n\n\n\n\n\n\n\n\n\n\n\n\n\n\n\n\n\n\n\n\n\n\n\n\n\n\n\n\n\n\n\n\n\n\n\n\n\n\n\n\n\n\n\n\n\n\n\n\n\n\n\n\n\n\n\n\n\n\n\n\n\n\n\n\n\n\n\n\n\n\n\n\n\n\n\n\n\n\n\n\n\n\n\n\n\n\n\n\n\n\n\n\n\n\n\n\n\n\n\n\n\n\n\n\n\n\n\n\n\n\n\n\n\n\n\n\n\n\n\n\n\n\n\n\n\n\n\n\n\n\n\n\n\n\n",
  "pages": [
    {
      "page_number": 1,
      "text": ""
    },
    {
      "page_number": 2,
      "text": ""
    },
    {
      "page_number": 3,
      "text": ""
    },
    {
      "page_number": 4,
      "text": ""
    },
    {
      "page_number": 5,
      "text": ""
    },
    {
      "page_number": 6,
      "text": ""
    },
    {
      "page_number": 7,
      "text": ""
    },
    {
      "page_number": 8,
      "text": ""
    },
    {
      "page_number": 9,
      "text": ""
    },
    {
      "page_number": 10,
      "text": ""
    },
    {
      "page_number": 11,
      "text": ""
    },
    {
      "page_number": 12,
      "text": ""
    },
    {
      "page_number": 13,
      "text": ""
    },
    {
      "page_number": 14,
      "text": ""
    },
    {
      "page_number": 15,
      "text": ""
    },
    {
      "page_number": 16,
      "text": ""
    },
    {
      "page_number": 17,
      "text": ""
    },
    {
      "page_number": 18,
      "text": ""
    },
    {
      "page_number": 19,
      "text": ""
    },
    {
      "page_number": 20,
      "text": ""
    },
    {
      "page_number": 21,
      "text": ""
    },
    {
      "page_number": 22,
      "text": ""
    },
    {
      "page_number": 23,
      "text": ""
    },
    {
      "page_number": 24,
      "text": ""
    },
    {
      "page_number": 25,
      "text": ""
    },
    {
      "page_number": 26,
      "text": ""
    },
    {
      "page_number": 27,
      "text": ""
    },
    {
      "page_number": 28,
      "text": ""
    },
    {
      "page_number": 29,
      "text": ""
    },
    {
      "page_number": 30,
      "text": ""
    },
    {
      "page_number": 31,
      "text": ""
    },
    {
      "page_number": 32,
      "text": ""
    },
    {
      "page_number": 33,
      "text": ""
    },
    {
      "page_number": 34,
      "text": ""
    },
    {
      "page_number": 35,
      "text": ""
    },
    {
      "page_number": 36,
      "text": ""
    },
    {
      "page_number": 37,
      "text": ""
    },
    {
      "page_number": 38,
      "text": ""
    },
    {
      "page_number": 39,
      "text": ""
    },
    {
      "page_number": 40,
      "text": ""
    },
    {
      "page_number": 41,
      "text": ""
    },
    {
      "page_number": 42,
      "text": ""
    },
    {
      "page_number": 43,
      "text": ""
    },
    {
      "page_number": 44,
      "text": ""
    },
    {
      "page_number": 45,
      "text": ""
    },
    {
      "page_number": 46,
      "text": ""
    },
    {
      "page_number": 47,
      "text": ""
    },
    {
      "page_number": 48,
      "text": ""
    },
    {
      "page_number": 49,
      "text": ""
    },
    {
      "page_number": 50,
      "text": ""
    },
    {
      "page_number": 51,
      "text": ""
    },
    {
      "page_number": 52,
      "text": ""
    },
    {
      "page_number": 53,
      "text": ""
    },
    {
      "page_number": 54,
      "text": ""
    },
    {
      "page_number": 55,
      "text": ""
    },
    {
      "page_number": 56,
      "text": ""
    },
    {
      "page_number": 57,
      "text": ""
    },
    {
      "page_number": 58,
      "text": ""
    },
    {
      "page_number": 59,
      "text": ""
    },
    {
      "page_number": 60,
      "text": ""
    },
    {
      "page_number": 61,
      "text": ""
    },
    {
      "page_number": 62,
      "text": ""
    },
    {
      "page_number": 63,
      "text": ""
    },
    {
      "page_number": 64,
      "text": ""
    },
    {
      "page_number": 65,
      "text": ""
    },
    {
      "page_number": 66,
      "text": ""
    },
    {
      "page_number": 67,
      "text": ""
    },
    {
      "page_number": 68,
      "text": ""
    },
    {
      "page_number": 69,
      "text": ""
    },
    {
      "page_number": 70,
      "text": ""
    },
    {
      "page_number": 71,
      "text": ""
    },
    {
      "page_number": 72,
      "text": ""
    },
    {
      "page_number": 73,
      "text": ""
    },
    {
      "page_number": 74,
      "text": ""
    },
    {
      "page_number": 75,
      "text": ""
    },
    {
      "page_number": 76,
      "text": ""
    },
    {
      "page_number": 77,
      "text": ""
    },
    {
      "page_number": 78,
      "text": ""
    },
    {
      "page_number": 79,
      "text": ""
    },
    {
      "page_number": 80,
      "text": ""
    },
    {
      "page_number": 81,
      "text": ""
    },
    {
      "page_number": 82,
      "text": ""
    },
    {
      "page_number": 83,
      "text": ""
    },
    {
      "page_number": 84,
      "text": ""
    },
    {
      "page_number": 85,
      "text": ""
    },
    {
      "page_number": 86,
      "text": ""
    },
    {
      "page_number": 87,
      "text": ""
    },
    {
      "page_number": 88,
      "text": ""
    },
    {
      "page_number": 89,
      "text": ""
    },
    {
      "page_number": 90,
      "text": ""
    },
    {
      "page_number": 91,
      "text": ""
    },
    {
      "page_number": 92,
      "text": ""
    },
    {
      "page_number": 93,
      "text": ""
    },
    {
      "page_number": 94,
      "text": ""
    },
    {
      "page_number": 95,
      "text": ""
    },
    {
      "page_number": 96,
      "text": ""
    },
    {
      "page_number": 97,
      "text": ""
    },
    {
      "page_number": 98,
      "text": ""
    },
    {
      "page_number": 99,
      "text": ""
    },
    {
      "page_number": 100,
      "text": ""
    },
    {
      "page_number": 101,
      "text": ""
    },
    {
      "page_number": 102,
      "text": ""
    },
    {
      "page_number": 103,
      "text": ""
    },
    {
      "page_number": 104,
      "text": ""
    },
    {
      "page_number": 105,
      "text": ""
    },
    {
      "page_number": 106,
      "text": ""
    },
    {
      "page_number": 107,
      "text": ""
    },
    {
      "page_number": 108,
      "text": ""
    },
    {
      "page_number": 109,
      "text": ""
    },
    {
      "page_number": 110,
      "text": ""
    },
    {
      "page_number": 111,
      "text": ""
    },
    {
      "page_number": 112,
      "text": ""
    },
    {
      "page_number": 113,
      "text": ""
    },
    {
      "page_number": 114,
      "text": ""
    },
    {
      "page_number": 115,
      "text": ""
    },
    {
      "page_number": 116,
      "text": ""
    },
    {
      "page_number": 117,
      "text": ""
    },
    {
      "page_number": 118,
      "text": ""
    },
    {
      "page_number": 119,
      "text": ""
    },
    {
      "page_number": 120,
      "text": ""
    },
    {
      "page_number": 121,
      "text": ""
    },
    {
      "page_number": 122,
      "text": ""
    },
    {
      "page_number": 123,
      "text": ""
    },
    {
      "page_number": 124,
      "text": ""
    },
    {
      "page_number": 125,
      "text": ""
    },
    {
      "page_number": 126,
      "text": ""
    },
    {
      "page_number": 127,
      "text": ""
    },
    {
      "page_number": 128,
      "text": ""
    },
    {
      "page_number": 129,
      "text": ""
    },
    {
      "page_number": 130,
      "text": ""
    },
    {
      "page_number": 131,
      "text": ""
    },
    {
      "page_number": 132,
      "text": ""
    },
    {
      "page_number": 133,
      "text": ""
    },
    {
      "page_number": 134,
      "text": ""
    },
    {
      "page_number": 135,
      "text": ""
    },
    {
      "page_number": 136,
      "text": ""
    },
    {
      "page_number": 137,
      "text": ""
    },
    {
      "page_number": 138,
      "text": ""
    },
    {
      "page_number": 139,
      "text": ""
    },
    {
      "page_number": 140,
      "text": ""
    },
    {
      "page_number": 141,
      "text": ""
    },
    {
      "page_number": 142,
      "text": ""
    },
    {
      "page_number": 143,
      "text": ""
    },
    {
      "page_number": 144,
      "text": ""
    },
    {
      "page_number": 145,
      "text": ""
    },
    {
      "page_number": 146,
      "text": ""
    },
    {
      "page_number": 147,
      "text": ""
    },
    {
      "page_number": 148,
      "text": ""
    },
    {
      "page_number": 149,
      "text": ""
    },
    {
      "page_number": 150,
      "text": ""
    },
    {
      "page_number": 151,
      "text": ""
    },
    {
      "page_number": 152,
      "text": ""
    },
    {
      "page_number": 153,
      "text": ""
    },
    {
      "page_number": 154,
      "text": ""
    },
    {
      "page_number": 155,
      "text": ""
    },
    {
      "page_number": 156,
      "text": ""
    },
    {
      "page_number": 157,
      "text": ""
    },
    {
      "page_number": 158,
      "text": ""
    },
    {
      "page_number": 159,
      "text": ""
    },
    {
      "page_number": 160,
      "text": ""
    },
    {
      "page_number": 161,
      "text": ""
    },
    {
      "page_number": 162,
      "text": ""
    },
    {
      "page_number": 163,
      "text": ""
    },
    {
      "page_number": 164,
      "text": ""
    },
    {
      "page_number": 165,
      "text": ""
    },
    {
      "page_number": 166,
      "text": ""
    },
    {
      "page_number": 167,
      "text": ""
    },
    {
      "page_number": 168,
      "text": ""
    },
    {
      "page_number": 169,
      "text": ""
    },
    {
      "page_number": 170,
      "text": ""
    },
    {
      "page_number": 171,
      "text": ""
    },
    {
      "page_number": 172,
      "text": ""
    },
    {
      "page_number": 173,
      "text": ""
    },
    {
      "page_number": 174,
      "text": ""
    },
    {
      "page_number": 175,
      "text": ""
    },
    {
      "page_number": 176,
      "text": ""
    },
    {
      "page_number": 177,
      "text": ""
    },
    {
      "page_number": 178,
      "text": ""
    },
    {
      "page_number": 179,
      "text": ""
    },
    {
      "page_number": 180,
      "text": ""
    },
    {
      "page_number": 181,
      "text": ""
    },
    {
      "page_number": 182,
      "text": ""
    },
    {
      "page_number": 183,
      "text": ""
    },
    {
      "page_number": 184,
      "text": ""
    },
    {
      "page_number": 185,
      "text": ""
    },
    {
      "page_number": 186,
      "text": ""
    },
    {
      "page_number": 187,
      "text": ""
    },
    {
      "page_number": 188,
      "text": ""
    },
    {
      "page_number": 189,
      "text": ""
    },
    {
      "page_number": 190,
      "text": ""
    },
    {
      "page_number": 191,
      "text": ""
    },
    {
      "page_number": 192,
      "text": ""
    },
    {
      "page_number": 193,
      "text": ""
    },
    {
      "page_number": 194,
      "text": ""
    },
    {
      "page_number": 195,
      "text": ""
    },
    {
      "page_number": 196,
      "text": ""
    },
    {
      "page_number": 197,
      "text": ""
    },
    {
      "page_number": 198,
      "text": ""
    },
    {
      "page_number": 199,
      "text": ""
    },
    {
      "page_number": 200,
      "text": ""
    },
    {
      "page_number": 201,
      "text": ""
    },
    {
      "page_number": 202,
      "text": ""
    },
    {
      "page_number": 203,
      "text": ""
    },
    {
      "page_number": 204,
      "text": ""
    },
    {
      "page_number": 205,
      "text": ""
    },
    {
      "page_number": 206,
      "text": ""
    },
    {
      "page_number": 207,
      "text": ""
    },
    {
      "page_number": 208,
      "text": ""
    },
    {
      "page_number": 209,
      "text": ""
    },
    {
      "page_number": 210,
      "text": ""
    },
    {
      "page_number": 211,
      "text": ""
    },
    {
      "page_number": 212,
      "text": ""
    },
    {
      "page_number": 213,
      "text": ""
    },
    {
      "page_number": 214,
      "text": ""
    },
    {
      "page_number": 215,
      "text": ""
    },
    {
      "page_number": 216,
      "text": ""
    },
    {
      "page_number": 217,
      "text": ""
    },
    {
      "page_number": 218,
      "text": ""
    },
    {
      "page_number": 219,
      "text": ""
    },
    {
      "page_number": 220,
      "text": ""
    },
    {
      "page_number": 221,
      "text": ""
    },
    {
      "page_number": 222,
      "text": ""
    },
    {
      "page_number": 223,
      "text": ""
    },
    {
      "page_number": 224,
      "text": ""
    },
    {
      "page_number": 225,
      "text": ""
    },
    {
      "page_number": 226,
      "text": ""
    },
    {
      "page_number": 227,
      "text": ""
    },
    {
      "page_number": 228,
      "text": ""
    },
    {
      "page_number": 229,
      "text": ""
    },
    {
      "page_number": 230,
      "text": ""
    },
    {
      "page_number": 231,
      "text": ""
    },
    {
      "page_number": 232,
      "text": ""
    },
    {
      "page_number": 233,
      "text": ""
    },
    {
      "page_number": 234,
      "text": ""
    },
    {
      "page_number": 235,
      "text": ""
    },
    {
      "page_number": 236,
      "text": ""
    },
    {
      "page_number": 237,
      "text": ""
    },
    {
      "page_number": 238,
      "text": ""
    },
    {
      "page_number": 239,
      "text": ""
    },
    {
      "page_number": 240,
      "text": ""
    },
    {
      "page_number": 241,
      "text": ""
    },
    {
      "page_number": 242,
      "text": ""
    },
    {
      "page_number": 243,
      "text": ""
    },
    {
      "page_number": 244,
      "text": ""
    },
    {
      "page_number": 245,
      "text": ""
    },
    {
      "page_number": 246,
      "text": ""
    },
    {
      "page_number": 247,
      "text": ""
    },
    {
      "page_number": 248,
      "text": ""
    },
    {
      "page_number": 249,
      "text": ""
    },
    {
      "page_number": 250,
      "text": ""
    },
    {
      "page_number": 251,
      "text": ""
    },
    {
      "page_number": 252,
      "text": ""
    },
    {
      "page_number": 253,
      "text": ""
    },
    {
      "page_number": 254,
      "text": ""
    },
    {
      "page_number": 255,
      "text": ""
    },
    {
      "page_number": 256,
      "text": ""
    },
    {
      "page_number": 257,
      "text": ""
    },
    {
      "page_number": 258,
      "text": ""
    },
    {
      "page_number": 259,
      "text": ""
    },
    {
      "page_number": 260,
      "text": ""
    },
    {
      "page_number": 261,
      "text": ""
    },
    {
      "page_number": 262,
      "text": ""
    },
    {
      "page_number": 263,
      "text": ""
    },
    {
      "page_number": 264,
      "text": ""
    },
    {
      "page_number": 265,
      "text": ""
    },
    {
      "page_number": 266,
      "text": ""
    },
    {
      "page_number": 267,
      "text": ""
    },
    {
      "page_number": 268,
      "text": ""
    },
    {
      "page_number": 269,
      "text": ""
    },
    {
      "page_number": 270,
      "text": ""
    },
    {
      "page_number": 271,
      "text": ""
    },
    {
      "page_number": 272,
      "text": ""
    },
    {
      "page_number": 273,
      "text": ""
    },
    {
      "page_number": 274,
      "text": ""
    },
    {
      "page_number": 275,
      "text": ""
    },
    {
      "page_number": 276,
      "text": ""
    },
    {
      "page_number": 277,
      "text": ""
    },
    {
      "page_number": 278,
      "text": ""
    },
    {
      "page_number": 279,
      "text": ""
    },
    {
      "page_number": 280,
      "text": ""
    },
    {
      "page_number": 281,
      "text": ""
    },
    {
      "page_number": 282,
      "text": ""
    },
    {
      "page_number": 283,
      "text": ""
    },
    {
      "page_number": 284,
      "text": ""
    },
    {
      "page_number": 285,
      "text": ""
    },
    {
      "page_number": 286,
      "text": ""
    },
    {
      "page_number": 287,
      "text": ""
    },
    {
      "page_number": 288,
      "text": ""
    },
    {
      "page_number": 289,
      "text": ""
    },
    {
      "page_number": 290,
      "text": ""
    },
    {
      "page_number": 291,
      "text": ""
    },
    {
      "page_number": 292,
      "text": ""
    },
    {
      "page_number": 293,
      "text": ""
    },
    {
      "page_number": 294,
      "text": ""
    },
    {
      "page_number": 295,
      "text": ""
    },
    {
      "page_number": 296,
      "text": ""
    },
    {
      "page_number": 297,
      "text": ""
    },
    {
      "page_number": 298,
      "text": ""
    },
    {
      "page_number": 299,
      "text": ""
    },
    {
      "page_number": 300,
      "text": ""
    },
    {
      "page_number": 301,
      "text": ""
    },
    {
      "page_number": 302,
      "text": ""
    },
    {
      "page_number": 303,
      "text": ""
    },
    {
      "page_number": 304,
      "text": ""
    },
    {
      "page_number": 305,
      "text": ""
    },
    {
      "page_number": 306,
      "text": ""
    },
    {
      "page_number": 307,
      "text": ""
    },
    {
      "page_number": 308,
      "text": ""
    },
    {
      "page_number": 309,
      "text": ""
    },
    {
      "page_number": 310,
      "text": ""
    },
    {
      "page_number": 311,
      "text": ""
    },
    {
      "page_number": 312,
      "text": ""
    },
    {
      "page_number": 313,
      "text": ""
    },
    {
      "page_number": 314,
      "text": ""
    },
    {
      "page_number": 315,
      "text": ""
    },
    {
      "page_number": 316,
      "text": ""
    },
    {
      "page_number": 317,
      "text": ""
    },
    {
      "page_number": 318,
      "text": ""
    },
    {
      "page_number": 319,
      "text": ""
    },
    {
      "page_number": 320,
      "text": ""
    },
    {
      "page_number": 321,
      "text": ""
    },
    {
      "page_number": 322,
      "text": ""
    },
    {
      "page_number": 323,
      "text": ""
    },
    {
      "page_number": 324,
      "text": ""
    },
    {
      "page_number": 325,
      "text": ""
    },
    {
      "page_number": 326,
      "text": ""
    },
    {
      "page_number": 327,
      "text": ""
    },
    {
      "page_number": 328,
      "text": ""
    },
    {
      "page_number": 329,
      "text": ""
    },
    {
      "page_number": 330,
      "text": ""
    },
    {
      "page_number": 331,
      "text": ""
    },
    {
      "page_number": 332,
      "text": ""
    },
    {
      "page_number": 333,
      "text": ""
    },
    {
      "page_number": 334,
      "text": ""
    },
    {
      "page_number": 335,
      "text": ""
    },
    {
      "page_number": 336,
      "text": ""
    },
    {
      "page_number": 337,
      "text": ""
    },
    {
      "page_number": 338,
      "text": ""
    },
    {
      "page_number": 339,
      "text": ""
    },
    {
      "page_number": 340,
      "text": ""
    },
    {
      "page_number": 341,
      "text": ""
    },
    {
      "page_number": 342,
      "text": ""
    },
    {
      "page_number": 343,
      "text": ""
    },
    {
      "page_number": 344,
      "text": ""
    },
    {
      "page_number": 345,
      "text": ""
    },
    {
      "page_number": 346,
      "text": ""
    },
    {
      "page_number": 347,
      "text": ""
    },
    {
      "page_number": 348,
      "text": ""
    },
    {
      "page_number": 349,
      "text": ""
    },
    {
      "page_number": 350,
      "text": ""
    },
    {
      "page_number": 351,
      "text": ""
    },
    {
      "page_number": 352,
      "text": ""
    },
    {
      "page_number": 353,
      "text": ""
    },
    {
      "page_number": 354,
      "text": ""
    },
    {
      "page_number": 355,
      "text": ""
    },
    {
      "page_number": 356,
      "text": ""
    },
    {
      "page_number": 357,
      "text": ""
    },
    {
      "page_number": 358,
      "text": ""
    },
    {
      "page_number": 359,
      "text": ""
    },
    {
      "page_number": 360,
      "text": ""
    },
    {
      "page_number": 361,
      "text": ""
    },
    {
      "page_number": 362,
      "text": ""
    },
    {
      "page_number": 363,
      "text": ""
    },
    {
      "page_number": 364,
      "text": ""
    },
    {
      "page_number": 365,
      "text": ""
    },
    {
      "page_number": 366,
      "text": ""
    },
    {
      "page_number": 367,
      "text": ""
    },
    {
      "page_number": 368,
      "text": ""
    },
    {
      "page_number": 369,
      "text": ""
    },
    {
      "page_number": 370,
      "text": ""
    },
    {
      "page_number": 371,
      "text": ""
    },
    {
      "page_number": 372,
      "text": ""
    },
    {
      "page_number": 373,
      "text": ""
    },
    {
      "page_number": 374,
      "text": ""
    },
    {
      "page_number": 375,
      "text": ""
    },
    {
      "page_number": 376,
      "text": ""
    },
    {
      "page_number": 377,
      "text": ""
    },
    {
      "page_number": 378,
      "text": ""
    },
    {
      "page_number": 379,
      "text": ""
    },
    {
      "page_number": 380,
      "text": ""
    },
    {
      "page_number": 381,
      "text": ""
    },
    {
      "page_number": 382,
      "text": ""
    },
    {
      "page_number": 383,
      "text": ""
    },
    {
      "page_number": 384,
      "text": ""
    },
    {
      "page_number": 385,
      "text": ""
    },
    {
      "page_number": 386,
      "text": ""
    },
    {
      "page_number": 387,
      "text": ""
    },
    {
      "page_number": 388,
      "text": ""
    },
    {
      "page_number": 389,
      "text": ""
    },
    {
      "page_number": 390,
      "text": ""
    },
    {
      "page_number": 391,
      "text": ""
    },
    {
      "page_number": 392,
      "text": ""
    },
    {
      "page_number": 393,
      "text": ""
    },
    {
      "page_number": 394,
      "text": ""
    },
    {
      "page_number": 395,
      "text": ""
    },
    {
      "page_number": 396,
      "text": ""
    },
    {
      "page_number": 397,
      "text": ""
    },
    {
      "page_number": 398,
      "text": ""
    },
    {
      "page_number": 399,
      "text": ""
    },
    {
      "page_number": 400,
      "text": ""
    },
    {
      "page_number": 401,
      "text": ""
    },
    {
      "page_number": 402,
      "text": ""
    },
    {
      "page_number": 403,
      "text": ""
    },
    {
      "page_number": 404,
      "text": ""
    },
    {
      "page_number": 405,
      "text": ""
    },
    {
      "page_number": 406,
      "text": ""
    },
    {
      "page_number": 407,
      "text": ""
    },
    {
      "page_number": 408,
      "text": ""
    },
    {
      "page_number": 409,
      "text": ""
    },
    {
      "page_number": 410,
      "text": ""
    },
    {
      "page_number": 411,
      "text": ""
    },
    {
      "page_number": 412,
      "text": ""
    },
    {
      "page_number": 413,
      "text": ""
    },
    {
      "page_number": 414,
      "text": ""
    },
    {
      "page_number": 415,
      "text": ""
    },
    {
      "page_number": 416,
      "text": ""
    },
    {
      "page_number": 417,
      "text": ""
    },
    {
      "page_number": 418,
      "text": ""
    },
    {
      "page_number": 419,
      "text": ""
    },
    {
      "page_number": 420,
      "text": ""
    }
  ]
}