{
  "company": "Unknown",
  "year": "Unknown",
  "filename": "eng_ps_esg_final.pdf",
  "text": "1/2\nThe Infront ESG Module supports your \nentire ESG process. It starts with the \nsmooth implementation of comprehensive \ndata into your infrastructure and workflow, \ndirectly into your Infront solutions or via \nInfront Data Manager feeds. Standardized \ninterfaces ensure hassle-free connections \nto your IT landscape as well as a stable and \nsecure data transfer. \nPowerful tools for screening and analysis \ngive you the insights you need on sus­\ntainable investments. And since Infront ESG \nModule is widget-based, you can easily \ncreate your own workspace combining \nESG insights with other relevant widgets \nfor market data, news or analytics display.\n \nESG templates simplify regulatory reporting \nand compliance. Consolidate the nec­essary \ndata and results to compile coherent, \nprofessional documentation for profiling, \npre- and post-trade compliance, and \nreporting for general interest in sustain­\nability, disclosure regulation, MiFID II, and \nEU taxonomy.\nShowcase your company’s ESG data \nand initiatives with ESG overviews and \ncustomized reporting to keep your cus­\ntomers and investors informed.\n \nESG Data for sustainable  \ninvestment decisions\nESG Module powered by Clarity AI\nInfront ESG Module gives you access to the most comprehensive ESG \ndata universe in the industry and innovative tools to help you integrate \nsustainability and optimize the impact of your investment decisions \nand recommendations.  \nTogether with Clarity AI, we bring you a science based and quantitative \napproach to ESG that leverages high quality data from more than \n65 data sources.\nMaking ESG a part of your workflow \n \n The largest ESG databases in the industry with 30,000+ companies, \n200,000+ funds, 400+ countries and governments\n \n Quality data & science-based methodology sourced from more than  \n65 data providers\n \n One unified way of measuring ESG making it easy to compare  \ninvestments and portfolios\n\n2/2\nESG Module powered by Clarity AI\nFinancial professionals across Europe and South \nAfrica rely on Infront for flexible financial market \nsolutions.\nOur solutions serve 3,600 customers with over \n90,000 professional users. With support for their \ncomplete workflow, financial professionals can \nmanage investment decisions, reduce costs, \nadapt to fast-changing market requirements \nand work more efficiently with ever-increasing \namounts of information – quickly, easily and \nflexibly.\nMore than 500 employees in 13 countries across \nEurope and South Africa apply their expertise \nto meet the challenges of our clients, ensuring \nthey continuously receive the best solutions and \nservices. \nInfront ESG Proposition\n1. DATA\nTo support you in integrating ESG into your \nwork, Infront ESG risk scores will be made \navailable in all Infront products. Using a \nunique cross-asset scoring methodology, \nwe make it easy for you to compare in­\nvestments and portfolios.\n  \nDetailed ESG scores\nThree levels deep with 18 scores, you get a \ndetailed overview of the company / fund to \nunderstand the drivers.\nESG integration\nESG risk scores can be incorporated into \nany workflow to support the transition to a \nmore sustainability-aware world.\nMultiple assets\nGet ESG scores for companies, funds, gov­\nernments and bonds.* \n2. FUNCTIONALITY AND TOOLS \nInfront ESG Module equips you with tools \nand features to manage every aspect of your \nESG process.\nCompany ESG analysis\nUnderstand the underlying drivers, bench­\nmark against our industry scores, and  \ncompare against industry peers.\nIndustry intelligence\nGet the full picture with our aggregated \nESG industry scores. Our industry ESG \nfunctions allow you to compare industries \nand constituents and bench­mark across \nindustry and sectors.\nScreening\nWith Clarity AI ESG risk scores, you can easily \nscreen across industries to generate ideas \nthat fit your requirements.\nPortfolio ESG analysis\nUnderstand how your investments im­\npact sustainability with Infront Portfolio \nManager. Integrated scores and client re­\nporting tools  enable an effective com­\nmunication with investors.\nUnique scoring methodology\nClarity AI ESG risk scores use a unique scoring \nmethodology. In addition to envi­ronmental risk, \nthe scores also measure company behaviour \nand the impact their products and services \nhave on society. The methodology is based on \nscientific research, quantitative assessment \nand global preferences. \nMany years of proprietary research and analysis \nby experts in the field have led to Clarity’s devel­\nopment of a sound methodology and auto­\nmated score calculation process unlike any \nother methodology currently used in the market.\n12/2021\n*Bonds available at a later stage\nE\nS\nG\nENVIRONMENTAL\n\t Resource Use\n\t Emissions\n\t Supplier Footprint\n\t Product Footprint\n\t Environmental  \nGovernance & Process\nSOCIAL\n\t Employees\n\t Customer & Products\n\t Supply Chain\n\t Community & Society\nPowered by Clarity AI\nGOVERNANCE\n\t Corporate Governance\n\t Corporate Ethics & Behavior\n\t CSR & Sustainability\n\t Partnerships, Memberships,  \nAwards & Certifications\nAbout us\ninfrontfinance.com\n",
  "pages": [
    {
      "page_number": 1,
      "text": "1/2\nThe Infront ESG Module supports your \nentire ESG process. It starts with the \nsmooth implementation of comprehensive \ndata into your infrastructure and workflow, \ndirectly into your Infront solutions or via \nInfront Data Manager feeds. Standardized \ninterfaces ensure hassle-free connections \nto your IT landscape as well as a stable and \nsecure data transfer. \nPowerful tools for screening and analysis \ngive you the insights you need on sus­\ntainable investments. And since Infront ESG \nModule is widget-based, you can easily \ncreate your own workspace combining \nESG insights with other relevant widgets \nfor market data, news or analytics display.\n \nESG templates simplify regulatory reporting \nand compliance. Consolidate the nec­essary \ndata and results to compile coherent, \nprofessional documentation for profiling, \npre- and post-trade compliance, and \nreporting for general interest in sustain­\nability, disclosure regulation, MiFID II, and \nEU taxonomy.\nShowcase your company’s ESG data \nand initiatives with ESG overviews and \ncustomized reporting to keep your cus­\ntomers and investors informed.\n \nESG Data for sustainable  \ninvestment decisions\nESG Module powered by Clarity AI\nInfront ESG Module gives you access to the most comprehensive ESG \ndata universe in the industry and innovative tools to help you integrate \nsustainability and optimize the impact of your investment decisions \nand recommendations.  \nTogether with Clarity AI, we bring you a science based and quantitative \napproach to ESG that leverages high quality data from more than \n65 data sources.\nMaking ESG a part of your workflow \n \n The largest ESG databases in the industry with 30,000+ companies, \n200,000+ funds, 400+ countries and governments\n \n Quality data & science-based methodology sourced from more than  \n65 data providers\n \n One unified way of measuring ESG making it easy to compare  \ninvestments and portfolios\n"
    },
    {
      "page_number": 2,
      "text": "2/2\nESG Module powered by Clarity AI\nFinancial professionals across Europe and South \nAfrica rely on Infront for flexible financial market \nsolutions.\nOur solutions serve 3,600 customers with over \n90,000 professional users. With support for their \ncomplete workflow, financial professionals can \nmanage investment decisions, reduce costs, \nadapt to fast-changing market requirements \nand work more efficiently with ever-increasing \namounts of information – quickly, easily and \nflexibly.\nMore than 500 employees in 13 countries across \nEurope and South Africa apply their expertise \nto meet the challenges of our clients, ensuring \nthey continuously receive the best solutions and \nservices. \nInfront ESG Proposition\n1. DATA\nTo support you in integrating ESG into your \nwork, Infront ESG risk scores will be made \navailable in all Infront products. Using a \nunique cross-asset scoring methodology, \nwe make it easy for you to compare in­\nvestments and portfolios.\n  \nDetailed ESG scores\nThree levels deep with 18 scores, you get a \ndetailed overview of the company / fund to \nunderstand the drivers.\nESG integration\nESG risk scores can be incorporated into \nany workflow to support the transition to a \nmore sustainability-aware world.\nMultiple assets\nGet ESG scores for companies, funds, gov­\nernments and bonds.* \n2. FUNCTIONALITY AND TOOLS \nInfront ESG Module equips you with tools \nand features to manage every aspect of your \nESG process.\nCompany ESG analysis\nUnderstand the underlying drivers, bench­\nmark against our industry scores, and  \ncompare against industry peers.\nIndustry intelligence\nGet the full picture with our aggregated \nESG industry scores. Our industry ESG \nfunctions allow you to compare industries \nand constituents and bench­mark across \nindustry and sectors.\nScreening\nWith Clarity AI ESG risk scores, you can easily \nscreen across industries to generate ideas \nthat fit your requirements.\nPortfolio ESG analysis\nUnderstand how your investments im­\npact sustainability with Infront Portfolio \nManager. Integrated scores and client re­\nporting tools  enable an effective com­\nmunication with investors.\nUnique scoring methodology\nClarity AI ESG risk scores use a unique scoring \nmethodology. In addition to envi­ronmental risk, \nthe scores also measure company behaviour \nand the impact their products and services \nhave on society. The methodology is based on \nscientific research, quantitative assessment \nand global preferences. \nMany years of proprietary research and analysis \nby experts in the field have led to Clarity’s devel­\nopment of a sound methodology and auto­\nmated score calculation process unlike any \nother methodology currently used in the market.\n12/2021\n*Bonds available at a later stage\nE\nS\nG\nENVIRONMENTAL\n\t Resource Use\n\t Emissions\n\t Supplier Footprint\n\t Product Footprint\n\t Environmental  \nGovernance & Process\nSOCIAL\n\t Employees\n\t Customer & Products\n\t Supply Chain\n\t Community & Society\nPowered by Clarity AI\nGOVERNANCE\n\t Corporate Governance\n\t Corporate Ethics & Behavior\n\t CSR & Sustainability\n\t Partnerships, Memberships,  \nAwards & Certifications\nAbout us\ninfrontfinance.com\n"
    }
  ]
}