{
  "company": "Esg_Short_Report",
  "year": "2023",
  "filename": "ESG_short_report_2023_Q1.pdf",
  "text": "\n\n\n\n\n\n\n\n",
  "pages": [
    {
      "page_number": 1,
      "text": ""
    },
    {
      "page_number": 2,
      "text": ""
    },
    {
      "page_number": 3,
      "text": ""
    },
    {
      "page_number": 4,
      "text": ""
    },
    {
      "page_number": 5,
      "text": ""
    },
    {
      "page_number": 6,
      "text": ""
    },
    {
      "page_number": 7,
      "text": ""
    },
    {
      "page_number": 8,
      "text": ""
    },
    {
      "page_number": 9,
      "text": ""
    }
  ]
}