{
  "company": "Unknown",
  "year": "Unknown",
  "filename": "PhilipsESGCommitments2022.pdf",
  "text": "Annual Report 2022\nESG commitments\n\nPhilips' ESG commitments\n5.2\nIn September 2020, Philips reinforced its commitments as a purpose-driven company with the announcement of an enhanced and fully integrated approach to doing business responsibly and\nsustainably. Philips’ framework comprises a comprehensive set of key commitments across all the Environmental, Social and Governance (ESG) dimensions that guide execution of the company’s\nstrategy. It includes ambitious targets and detailed plans of action.\nAs a leading health technology company today, our purpose is to improve people’s health and well-being through meaningful innovation, positively impacting 2 billion lives per year by 2025. We\naim to grow Philips responsibly and sustainably, and we therefore continuously set ourselves challenging environmental and social targets, and highest standards of governance. Acting responsibly\ntowards the planet and society is part of our DNA. We believe that this is the best way for us to create superior, long-term value for Philips’ multiple stakeholders.\nPhilips’ ESG commitments are set out below. Further details relating to these commitments can be found throughout the rest of this chapter, in Supplier sustainability, starting on page 0, and in\nESG statements, starting on page 0.\n12\n\nOur key ESG commitments\nEnvironmental\nWe act responsibly towards our planet in line with\nUN SDGs 12 and 13.\n•\nWe will use 75% renewable energy in our operations by\n2025.\n•\nWhile maintaining carbon neutrality in our operations,\nwe will reduce CO2 emissions in our entire value chain in\nline with a 1.5 °C global warming scenario (based on\nScience Based Targets). We will actively partner with our\nsuppliers and our customers to achieve this.\n•\nWe will generate 25% of our revenue from circular\nproducts and solutions, and offer a trade-in on all\nprofessional medical equipment so that we can take care\nof responsible repurposing by 2025.\n•\nWe will embed circular practices at our sites and put zero\nwaste to landfill by 2025.\n•\nAll new product introductions will fulfill our EcoDesign\nrequirements by 2025, with ‘EcoHeroes’ accounting for\n25% of revenues.\n•\nWe work with our suppliers to reduce the environmental\nfootprint of our supply chain in line with a 1.5 °C global\nwarming scenario (based on Science Based Targets).\n•\nWe engage with our stakeholders and other companies\nto drive sustainability efforts addressing the United\nNations Sustainable Development Goals.\nSocial\nOur purpose is to improve people’s health and\nwellbeing through meaningful innovation, in line\nwith UN SDG 3. We act responsibly towards society\nand partner with our stakeholders\n•\nWe aim to improve the health and well-being of 2 billion\npeople per year by 2025, including 300 million people in\nunderserved communities.\n•\nIt is our strategy to lead with innovative solutions along\nthe health continuum – helping our customers deliver on\nthe Quadruple Aim (better health outcomes, a better\nexperience for patients and staff, lower cost of care) and\nhelping people take better care of their health.\n•\nWe aim to be the best place to work for our employees,\nproviding opportunities for learning and development,\nembracing diversity and inclusion, and assuring a safe\nand healthy work environment. We pay at least a living\nwage and aim for employee engagement above the\nhigh-performance norm.\n•\nThrough our supplier development program we will\nimprove the lives of 1,000,000 workers in our supply\nchain by 2025.\n•\nWe actively engage with and support the communities in\nwhich we operate, e.g. through volunteering,\ninternships, STEM (Science, Technology, Engineering,\nMathematics) initiatives.\n•\nWe contribute to the Philips Foundation, an independent\nfoundation (stichting) organized under Dutch law, which\naims to provide access to quality healthcare for\ndisadvantaged communities.\n•\nWe consider our tax payments as a contribution to the\ncommunities in which we operate, as part of our social\nvalue creation.\nGovernance\nWe aim to deliver superior long-term value for our\ncustomers and shareholders, and we live up to the\nhighest standards of ethics and governance in our\nculture and practices\n•\nOur management structure and governance combines\nresponsible leadership and independent supervision.\n•\nThe Philips Business System is our integrated operating\nmodel. It defines how we work together to delight our\ncustomers and achieve our company goals, leveraging\nour global scale and capabilities.\n•\nWe are committed to delivering the highest-quality\nproducts, services and solutions compliant with all\napplicable laws and standards.\n•\nOur remuneration policy is designed to encourage\nemployees to deliver on our purpose and strategy and\ncreate stakeholder value, and to motivate and retain\nthem. Our executive long-term incentive plan includes\nenvironmental and social commitments.\n•\nWe ensure ethical behavior through our General Business\nPrinciples, with a strong compliance and reporting\nframework.\n•\nOur risk management is designed to provide reasonable\nassurance that strategic and operational objectives are\nmet, legal requirements complied with, and the integrity\nof the company’s reporting and related disclosures\nsafeguarded.\n•\nWe are transparent about our plans, activities, results and\ncontributions to society (e.g. Country activity and Tax\nreport), and engage with shareholders, customers,\nbusiness partners, governments and regulators through\na variety of platforms.\n23\n\n \n© 2023 Koninklijke Philips N.V. All rights reserved.\n",
  "pages": [
    {
      "page_number": 1,
      "text": "Annual Report 2022\nESG commitments\n"
    },
    {
      "page_number": 2,
      "text": "Philips' ESG commitments\n5.2\nIn September 2020, Philips reinforced its commitments as a purpose-driven company with the announcement of an enhanced and fully integrated approach to doing business responsibly and\nsustainably. Philips’ framework comprises a comprehensive set of key commitments across all the Environmental, Social and Governance (ESG) dimensions that guide execution of the company’s\nstrategy. It includes ambitious targets and detailed plans of action.\nAs a leading health technology company today, our purpose is to improve people’s health and well-being through meaningful innovation, positively impacting 2 billion lives per year by 2025. We\naim to grow Philips responsibly and sustainably, and we therefore continuously set ourselves challenging environmental and social targets, and highest standards of governance. Acting responsibly\ntowards the planet and society is part of our DNA. We believe that this is the best way for us to create superior, long-term value for Philips’ multiple stakeholders.\nPhilips’ ESG commitments are set out below. Further details relating to these commitments can be found throughout the rest of this chapter, in Supplier sustainability, starting on page 0, and in\nESG statements, starting on page 0.\n12\n"
    },
    {
      "page_number": 3,
      "text": "Our key ESG commitments\nEnvironmental\nWe act responsibly towards our planet in line with\nUN SDGs 12 and 13.\n•\nWe will use 75% renewable energy in our operations by\n2025.\n•\nWhile maintaining carbon neutrality in our operations,\nwe will reduce CO2 emissions in our entire value chain in\nline with a 1.5 °C global warming scenario (based on\nScience Based Targets). We will actively partner with our\nsuppliers and our customers to achieve this.\n•\nWe will generate 25% of our revenue from circular\nproducts and solutions, and offer a trade-in on all\nprofessional medical equipment so that we can take care\nof responsible repurposing by 2025.\n•\nWe will embed circular practices at our sites and put zero\nwaste to landfill by 2025.\n•\nAll new product introductions will fulfill our EcoDesign\nrequirements by 2025, with ‘EcoHeroes’ accounting for\n25% of revenues.\n•\nWe work with our suppliers to reduce the environmental\nfootprint of our supply chain in line with a 1.5 °C global\nwarming scenario (based on Science Based Targets).\n•\nWe engage with our stakeholders and other companies\nto drive sustainability efforts addressing the United\nNations Sustainable Development Goals.\nSocial\nOur purpose is to improve people’s health and\nwellbeing through meaningful innovation, in line\nwith UN SDG 3. We act responsibly towards society\nand partner with our stakeholders\n•\nWe aim to improve the health and well-being of 2 billion\npeople per year by 2025, including 300 million people in\nunderserved communities.\n•\nIt is our strategy to lead with innovative solutions along\nthe health continuum – helping our customers deliver on\nthe Quadruple Aim (better health outcomes, a better\nexperience for patients and staff, lower cost of care) and\nhelping people take better care of their health.\n•\nWe aim to be the best place to work for our employees,\nproviding opportunities for learning and development,\nembracing diversity and inclusion, and assuring a safe\nand healthy work environment. We pay at least a living\nwage and aim for employee engagement above the\nhigh-performance norm.\n•\nThrough our supplier development program we will\nimprove the lives of 1,000,000 workers in our supply\nchain by 2025.\n•\nWe actively engage with and support the communities in\nwhich we operate, e.g. through volunteering,\ninternships, STEM (Science, Technology, Engineering,\nMathematics) initiatives.\n•\nWe contribute to the Philips Foundation, an independent\nfoundation (stichting) organized under Dutch law, which\naims to provide access to quality healthcare for\ndisadvantaged communities.\n•\nWe consider our tax payments as a contribution to the\ncommunities in which we operate, as part of our social\nvalue creation.\nGovernance\nWe aim to deliver superior long-term value for our\ncustomers and shareholders, and we live up to the\nhighest standards of ethics and governance in our\nculture and practices\n•\nOur management structure and governance combines\nresponsible leadership and independent supervision.\n•\nThe Philips Business System is our integrated operating\nmodel. It defines how we work together to delight our\ncustomers and achieve our company goals, leveraging\nour global scale and capabilities.\n•\nWe are committed to delivering the highest-quality\nproducts, services and solutions compliant with all\napplicable laws and standards.\n•\nOur remuneration policy is designed to encourage\nemployees to deliver on our purpose and strategy and\ncreate stakeholder value, and to motivate and retain\nthem. Our executive long-term incentive plan includes\nenvironmental and social commitments.\n•\nWe ensure ethical behavior through our General Business\nPrinciples, with a strong compliance and reporting\nframework.\n•\nOur risk management is designed to provide reasonable\nassurance that strategic and operational objectives are\nmet, legal requirements complied with, and the integrity\nof the company’s reporting and related disclosures\nsafeguarded.\n•\nWe are transparent about our plans, activities, results and\ncontributions to society (e.g. Country activity and Tax\nreport), and engage with shareholders, customers,\nbusiness partners, governments and regulators through\na variety of platforms.\n23\n"
    },
    {
      "page_number": 4,
      "text": " \n© 2023 Koninklijke Philips N.V. All rights reserved.\n"
    }
  ]
}