{
  "company": "Report_Bioplastics_Market_Data",
  "year": "2022",
  "filename": "Report_Bioplastics_Market_Data_2022_short_version.pdf",
  "text": "Global production capacities of bioplastics 2022-2027\nGlobal production capacities of bioplastics 2022 (by material type)\nGlobal production capacities of bioplastics 2027 (by material type)\nContinued growth: global production capacities of bioplastics 2022-2027\nBioplastics currently represent still less than one percent of the more than 390 million tonnes of plastic produced annually1. \nAfter stagnating in 2020, mainly due to Covid-19, the overall global plastic production increased again in 2021. With regards \nto bioplastics production capacities projected for 2022, there is new momentum as well. This development is driven by ris-\ning demand combined with the emergence of more sophisticated applications and products. Global bioplastics production \ncapacity is set to increase significantly from around 2.23 million tonnes in 2022 to approximately 6.3 million tonnes in 2027. \nBIOPLASTICS MARKET \nDEVELOPMENT \nUPDATE 2022\nMaterial development and diversification\nBioplastic alternatives exist for almost every conventional plastic material and corresponding application. Due to a strong \ndevelopment of polymers, such as PHA (Polyhydroxyalkanoates), polylactic acid (PLA), PAs (polyamides) as well as a steady \ngrowth of Polypropylene (PP), the production capacities will continue to increase significantly and diversify within the next 5 \nyears.\n* PEF is currently in development and predicted to be available at commercial scale in 2023 \n** Regenerated cellulose films\n*** Regenerated cellulose films\n1 World plastics production 2021, Plastics Europe, 2022.\n\nApplications and market segments\nBioplastics are used for an increasing variety of ap-\nplications, ranging from packaging and consumer \nproducts to electronics, automotive, and textiles. \nPackaging remains the largest market segment for \nbioplastics with 48 percent (1.07 million tonnes) of the \ntotal bioplastics market in 2022.\nAbout this market data update\nThe market data update 2022 has been compiled in cooperation with the market experts of the nova-Institute (Hürth, Germany).\nThe market data graphs are available for download on http://www.european-bioplastics.org/news/publications/\nLand use estimation for bioplastics 2022 and 2027\nGlobal production capacities of bioplastics 2022 (by market segment)\nPhone: +49 .30 28 48 23 50 \nEmail: info@european-bioplastics.org \nEmail: press@european-bioplastics.org\nEuropean Bioplastics \nMarienstraße 19-20 \n10117 Berlin\nFor more information please visit: \nwww.european-bioplastics.org \ntwitter.com/EUBioplastics\nDecember 2022\nLand use share for bioplastics estimated to be at 0.015 percent of the global agricultural area\nThe land used to grow the renewable feedstock needed to produce bioplastics is estimated to only slightly increase to ap-\nproximately 0.8 million hectares in 2022. This accounts for around 0.015 percent of the global agricultural area of roughly 5.0 \nbillion hectares. Along with the projected increase of bioplastics production in 2027, the land use share is expected to increase \nto around 0.06 percent. In relation to the available agricultural area, this share is minimal. Thus, there is no competition be-\ntween the renewable feedstock for food and feed and the production of bioplastics.\nBIOPLASTICS MARKET UPDATE 2022 | European Bioplastics\n",
  "pages": [
    {
      "page_number": 1,
      "text": "Global production capacities of bioplastics 2022-2027\nGlobal production capacities of bioplastics 2022 (by material type)\nGlobal production capacities of bioplastics 2027 (by material type)\nContinued growth: global production capacities of bioplastics 2022-2027\nBioplastics currently represent still less than one percent of the more than 390 million tonnes of plastic produced annually1. \nAfter stagnating in 2020, mainly due to Covid-19, the overall global plastic production increased again in 2021. With regards \nto bioplastics production capacities projected for 2022, there is new momentum as well. This development is driven by ris-\ning demand combined with the emergence of more sophisticated applications and products. Global bioplastics production \ncapacity is set to increase significantly from around 2.23 million tonnes in 2022 to approximately 6.3 million tonnes in 2027. \nBIOPLASTICS MARKET \nDEVELOPMENT \nUPDATE 2022\nMaterial development and diversification\nBioplastic alternatives exist for almost every conventional plastic material and corresponding application. Due to a strong \ndevelopment of polymers, such as PHA (Polyhydroxyalkanoates), polylactic acid (PLA), PAs (polyamides) as well as a steady \ngrowth of Polypropylene (PP), the production capacities will continue to increase significantly and diversify within the next 5 \nyears.\n* PEF is currently in development and predicted to be available at commercial scale in 2023 \n** Regenerated cellulose films\n*** Regenerated cellulose films\n1 World plastics production 2021, Plastics Europe, 2022.\n"
    },
    {
      "page_number": 2,
      "text": "Applications and market segments\nBioplastics are used for an increasing variety of ap-\nplications, ranging from packaging and consumer \nproducts to electronics, automotive, and textiles. \nPackaging remains the largest market segment for \nbioplastics with 48 percent (1.07 million tonnes) of the \ntotal bioplastics market in 2022.\nAbout this market data update\nThe market data update 2022 has been compiled in cooperation with the market experts of the nova-Institute (Hürth, Germany).\nThe market data graphs are available for download on http://www.european-bioplastics.org/news/publications/\nLand use estimation for bioplastics 2022 and 2027\nGlobal production capacities of bioplastics 2022 (by market segment)\nPhone: +49 .30 28 48 23 50 \nEmail: info@european-bioplastics.org \nEmail: press@european-bioplastics.org\nEuropean Bioplastics \nMarienstraße 19-20 \n10117 Berlin\nFor more information please visit: \nwww.european-bioplastics.org \ntwitter.com/EUBioplastics\nDecember 2022\nLand use share for bioplastics estimated to be at 0.015 percent of the global agricultural area\nThe land used to grow the renewable feedstock needed to produce bioplastics is estimated to only slightly increase to ap-\nproximately 0.8 million hectares in 2022. This accounts for around 0.015 percent of the global agricultural area of roughly 5.0 \nbillion hectares. Along with the projected increase of bioplastics production in 2027, the land use share is expected to increase \nto around 0.06 percent. In relation to the available agricultural area, this share is minimal. Thus, there is no competition be-\ntween the renewable feedstock for food and feed and the production of bioplastics.\nBIOPLASTICS MARKET UPDATE 2022 | European Bioplastics\n"
    }
  ]
}